database	modality	pvc	features	atlas	smoothing	classifier	task	balanced_accuracy	auc	sensitivity	specificity	accuracy	npv	ppv
AIBL	T1		voxel_based		smooothing-0	linear_svm	CN_vs_AD	0.753579630895	0.907203691046	0.548181818182	0.958977443609	0.900670967742	0.92897704542	0.743709524316
AIBL	T1		voxel_based		smooothing-0	linear_svm	CN_vs_MCI	0.591086466165	0.663493555317	0.310714285714	0.871458646617	0.773937888199	0.858439450743	0.374025076047
AIBL	T1		voxel_based		smooothing-0	linear_svm	sMCI_vs_pMCI	0.660628571429	0.533428571429	0.5304	0.790857142857	0.682333333333	0.710283982684	0.683466666667
AIBL	T1		voxel_based		smooothing-4	linear_svm	CN_vs_AD	0.792377306904	0.921867395762	0.612363636364	0.972390977444	0.921290322581	0.938656918636	0.800630107043
AIBL	T1		voxel_based		smooothing-4	linear_svm	CN_vs_MCI	0.632195488722	0.673477980666	0.430857142857	0.833533834586	0.76350310559	0.875333810171	0.359545020746
AIBL	T1		voxel_based		smooothing-4	linear_svm	sMCI_vs_pMCI	0.621714285714	0.538514285714	0.512	0.731428571429	0.64	0.685438528139	0.592117460317
AIBL	T1		voxel_based		smooothing-8	linear_svm	CN_vs_AD	0.806770334928	0.910962406015	0.660909090909	0.952631578947	0.911225806452	0.944901103946	0.709797739528
AIBL	T1		voxel_based		smooothing-8	linear_svm	CN_vs_MCI	0.632642857143	0.671989795918	0.452714285714	0.812571428571	0.74998757764	0.87659090852	0.339288887101
AIBL	T1		voxel_based		smooothing-8	linear_svm	sMCI_vs_pMCI	0.617485714286	0.486685714286	0.5304	0.704571428571	0.632	0.689297691198	0.571546031746
AIBL	T1		voxel_based		smooothing-12	linear_svm	CN_vs_AD	0.822789473684	0.906157894737	0.71	0.935578947368	0.903561290323	0.951769088889	0.654960523529
AIBL	T1		voxel_based		smooothing-12	linear_svm	CN_vs_MCI	0.628838345865	0.661292696026	0.468142857143	0.789533834586	0.733639751553	0.876421880792	0.3201766451
AIBL	T1		voxel_based		smooothing-12	linear_svm	sMCI_vs_pMCI	0.623885714286	0.500628571429	0.5552	0.692571428571	0.635333333333	0.697893939394	0.574188888889
AIBL	T1		region_based	atlas-AAL2		linear_svm	CN_vs_AD	0.85950786056	0.922080656186	0.809090909091	0.90992481203	0.895612903226	0.966759952712	0.60442794392
AIBL	T1		region_based	atlas-AAL2		linear_svm	CN_vs_MCI	0.640789473684	0.667703544576	0.51	0.771578947368	0.726086956522	0.882385949244	0.323623521054
AIBL	T1		region_based	atlas-AAL2		linear_svm	sMCI_vs_pMCI	0.663942857143	0.459371428571	0.6536	0.674285714286	0.665666666667	0.68503044733	0.611333910534
AIBL	T1		region_based	atlas-AAL2		logistic_regression	CN_vs_AD	0.867503759398	0.925561175666	0.832	0.903007518797	0.892929032258	0.970365564709	0.591682010662
AIBL	T1		region_based	atlas-AAL2		logistic_regression	CN_vs_MCI	0.655796992481	0.691794844253	0.538571428571	0.773022556391	0.732248447205	0.888832002874	0.336555525104
AIBL	T1		region_based	atlas-AAL2		logistic_regression	sMCI_vs_pMCI	0.522342857143	0.703885714286	0.1984	0.846285714286	0.576333333333	0.604266522367	0.271073015873
AIBL	T1		region_based	atlas-AAL2		random_forest	CN_vs_AD	0.64056254272	0.825453861928	0.305636363636	0.975488721805	0.880412903226	0.894919397495	0.689118298076
AIBL	T1		region_based	atlas-AAL2		random_forest	CN_vs_MCI	0.522680451128	0.602853920516	0.0712857142857	0.97407518797	0.817068322981	0.832903386662	0.369343691981
AIBL	T1		region_based	atlas-AAL2		random_forest	sMCI_vs_pMCI	0.646514285714	0.675428571429	0.5456	0.747428571429	0.663333333333	0.709994660895	0.611042857143
AIBL	T1		region_based	atlas-Neuromorphometrics		linear_svm	CN_vs_AD	0.869700615174	0.931863978127	0.824363636364	0.915037593985	0.902167741935	0.969426364251	0.621555292106
AIBL	T1		region_based	atlas-Neuromorphometrics		linear_svm	CN_vs_MCI	0.628387218045	0.678091836735	0.504142857143	0.752631578947	0.709416149068	0.878573138971	0.30361135075
AIBL	T1		region_based	atlas-Neuromorphometrics		linear_svm	sMCI_vs_pMCI	0.6724	0.462857142857	0.6768	0.668	0.671666666667	0.703485569986	0.606361760462
AIBL	T1		region_based	atlas-Neuromorphometrics		logistic_regression	CN_vs_AD	0.874751879699	0.924344497608	0.836	0.913503759398	0.902503225806	0.97138752743	0.621410017681
AIBL	T1		region_based	atlas-Neuromorphometrics		logistic_regression	CN_vs_MCI	0.645973684211	0.698587540279	0.532428571429	0.759518796992	0.72002484472	0.885760238366	0.321059418405
AIBL	T1		region_based	atlas-Neuromorphometrics		logistic_regression	sMCI_vs_pMCI	0.523371428571	0.702857142857	0.1576	0.889142857143	0.584333333333	0.604303318903	0.216734920635
AIBL	T1		region_based	atlas-Neuromorphometrics		random_forest	CN_vs_AD	0.626963773069	0.82109569378	0.280363636364	0.973563909774	0.875174193548	0.891307092666	0.656545418307
AIBL	T1		region_based	atlas-Neuromorphometrics		random_forest	CN_vs_MCI	0.52515037594	0.606229323308	0.0762857142857	0.974015037594	0.817888198758	0.833663323099	0.385078332778
AIBL	T1		region_based	atlas-Neuromorphometrics		random_forest	sMCI_vs_pMCI	0.625885714286	0.691028571429	0.5032	0.748571428571	0.646333333333	0.695487590188	0.581433333333
AIBL	T1		region_based	atlas-Hammers		linear_svm	CN_vs_AD	0.839981544771	0.915454545455	0.799090909091	0.880872180451	0.869264516129	0.963908883428	0.531255979339
AIBL	T1		region_based	atlas-Hammers		linear_svm	CN_vs_MCI	0.639026315789	0.689317400644	0.537571428571	0.740481203008	0.705192546584	0.884221773317	0.30602589279
AIBL	T1		region_based	atlas-Hammers		linear_svm	sMCI_vs_pMCI	0.661028571429	0.469485714286	0.6512	0.670857142857	0.662666666667	0.705949494949	0.561795815296
AIBL	T1		region_based	atlas-Hammers		logistic_regression	CN_vs_AD	0.843490772386	0.917203007519	0.804545454545	0.882436090226	0.871380645161	0.964888705084	0.536366462427
AIBL	T1		region_based	atlas-Hammers		logistic_regression	CN_vs_MCI	0.659045112782	0.702888292159	0.563142857143	0.754947368421	0.721590062112	0.891859145299	0.32963075217
AIBL	T1		region_based	atlas-Hammers		logistic_regression	sMCI_vs_pMCI	0.519314285714	0.706171428571	0.2112	0.827428571429	0.570666666667	0.598065512266	0.323852380952
AIBL	T1		region_based	atlas-Hammers		random_forest	CN_vs_AD	0.637929596719	0.829782638414	0.305272727273	0.970586466165	0.87615483871	0.894401815596	0.64940322321
AIBL	T1		region_based	atlas-Hammers		random_forest	CN_vs_MCI	0.527582706767	0.618323308271	0.085	0.970165413534	0.816223602484	0.83441197819	0.374754223554
AIBL	T1		region_based	atlas-Hammers		random_forest	sMCI_vs_pMCI	0.643371428571	0.695257142857	0.5336	0.753142857143	0.661666666667	0.706966955267	0.617080952381
AIBL	T1		region_based	atlas-LPBA40		linear_svm	CN_vs_AD	0.830810663021	0.909125085441	0.779636363636	0.881984962406	0.867458064516	0.960597932924	0.528075673746
AIBL	T1		region_based	atlas-LPBA40		linear_svm	CN_vs_MCI	0.603338345865	0.639049409237	0.464	0.742676691729	0.694211180124	0.86878413748	0.279338651275
AIBL	T1		region_based	atlas-LPBA40		linear_svm	sMCI_vs_pMCI	0.638228571429	0.377085714286	0.6256	0.650857142857	0.640333333333	0.644007215007	0.526342135642
AIBL	T1		region_based	atlas-LPBA40		logistic_regression	CN_vs_AD	0.826238550923	0.903581681476	0.767454545455	0.885022556391	0.868335483871	0.958663900298	0.530781357512
AIBL	T1		region_based	atlas-LPBA40		logistic_regression	CN_vs_MCI	0.614890977444	0.664729323308	0.494142857143	0.735639097744	0.693639751553	0.873889713181	0.291469213465
AIBL	T1		region_based	atlas-LPBA40		logistic_regression	sMCI_vs_pMCI	0.562628571429	0.719657142857	0.2784	0.846857142857	0.61	0.628746176046	0.459726984127
AIBL	T1		region_based	atlas-LPBA40		random_forest	CN_vs_AD	0.631804511278	0.815834586466	0.284	0.979609022556	0.880877419355	0.892389217284	0.716344603419
AIBL	T1		region_based	atlas-LPBA40		random_forest	CN_vs_MCI	0.519165413534	0.58480075188	0.066	0.972330827068	0.814708074534	0.831861016667	0.332066844267
AIBL	T1		region_based	atlas-LPBA40		random_forest	sMCI_vs_pMCI	0.620857142857	0.665428571429	0.492	0.749714285714	0.642333333333	0.685853391053	0.594831746032
AIBL	T1		region_based	atlas-AICHA		linear_svm	CN_vs_AD	0.842412850308	0.91234859877	0.757818181818	0.927007518797	0.902993548387	0.958822259658	0.638242458843
AIBL	T1		region_based	atlas-AICHA		linear_svm	CN_vs_MCI	0.614556390977	0.640813104189	0.448571428571	0.780541353383	0.722807453416	0.870732396229	0.304389014128
AIBL	T1		region_based	atlas-AICHA		linear_svm	sMCI_vs_pMCI	0.666571428571	0.478914285714	0.692	0.641142857143	0.662333333333	0.705713564214	0.612731457431
AIBL	T1		region_based	atlas-AICHA		logistic_regression	CN_vs_AD	0.840203007519	0.917073137389	0.758	0.922406015038	0.899070967742	0.958708973732	0.624618367516
AIBL	T1		region_based	atlas-AICHA		logistic_regression	CN_vs_MCI	0.632812030075	0.666039742213	0.456571428571	0.809052631579	0.747751552795	0.876413388179	0.337473675458
AIBL	T1		region_based	atlas-AICHA		logistic_regression	sMCI_vs_pMCI	0.498628571429	0.640685714286	0.0944	0.902857142857	0.566	0.583588455988	0.137261904762
AIBL	T1		region_based	atlas-AICHA		random_forest	CN_vs_AD	0.627032809296	0.821046479836	0.278727272727	0.975338345865	0.876464516129	0.891220084814	0.670814719268
AIBL	T1		region_based	atlas-AICHA		random_forest	CN_vs_MCI	0.522597744361	0.595787325456	0.0664285714286	0.978766917293	0.820099378882	0.832838818554	0.385135164835
AIBL	T1		region_based	atlas-AICHA		random_forest	sMCI_vs_pMCI	0.643885714286	0.685485714286	0.5192	0.768571428571	0.664666666667	0.701948051948	0.625701587302
OASIS	T1		voxel_based		smooothing-0	linear_svm	CN_vs_AD	0.685023809524	0.750902380952	0.704714285714	0.665333333333	0.684344827586	0.709954545032	0.666512721923
OASIS	T1		voxel_based		smooothing-4	linear_svm	CN_vs_AD	0.696633333333	0.752988095238	0.721	0.672266666667	0.695793103448	0.724322605501	0.67611587945
OASIS	T1		voxel_based		smooothing-8	linear_svm	CN_vs_AD	0.682161904762	0.74235	0.694857142857	0.669466666667	0.681724137931	0.707190123372	0.665010474844
OASIS	T1		voxel_based		smooothing-12	linear_svm	CN_vs_AD	0.66980952381	0.731476190476	0.702285714286	0.637333333333	0.668689655172	0.701568149483	0.646854663914
OASIS	T1		region_based	atlas-AAL2		linear_svm	CN_vs_AD	0.708661904762	0.75985	0.761857142857	0.655466666667	0.706827586207	0.75184065244	0.676759448556
OASIS	T1		region_based	atlas-AAL2		logistic_regression	CN_vs_AD	0.7188	0.771633333333	0.79	0.6476	0.716344827586	0.771662452232	0.680081699932
OASIS	T1		region_based	atlas-AAL2		random_forest	CN_vs_AD	0.628780952381	0.673661904762	0.575428571429	0.682133333333	0.630620689655	0.635728040364	0.634261998241
OASIS	T1		region_based	atlas-Neuromorphometrics		linear_svm	CN_vs_AD	0.717723809524	0.787430952381	0.789714285714	0.645733333333	0.71524137931	0.770638249288	0.67817039201
OASIS	T1		region_based	atlas-Neuromorphometrics		logistic_regression	CN_vs_AD	0.734928571429	0.798185714286	0.797857142857	0.672	0.73275862069	0.784908633133	0.697723231533
OASIS	T1		region_based	atlas-Neuromorphometrics		random_forest	CN_vs_AD	0.613323809524	0.656473809524	0.555714285714	0.670933333333	0.615310344828	0.621921252791	0.614871884259
OASIS	T1		region_based	atlas-Hammers		linear_svm	CN_vs_AD	0.709419047619	0.77465	0.798571428571	0.620266666667	0.706344827586	0.771908927887	0.666073915411
OASIS	T1		region_based	atlas-Hammers		logistic_regression	CN_vs_AD	0.708119047619	0.781180952381	0.799571428571	0.616666666667	0.704965517241	0.772482718305	0.66313911955
OASIS	T1		region_based	atlas-Hammers		random_forest	CN_vs_AD	0.613514285714	0.656985714286	0.559428571429	0.6676	0.615379310345	0.62265940728	0.613208831464
OASIS	T1		region_based	atlas-LPBA40		linear_svm	CN_vs_AD	0.67569047619	0.724016666667	0.758714285714	0.592666666667	0.672827586207	0.730341245464	0.637387504285
OASIS	T1		region_based	atlas-LPBA40		logistic_regression	CN_vs_AD	0.689742857143	0.744085714286	0.762285714286	0.6172	0.68724137931	0.739392401972	0.653602212948
OASIS	T1		region_based	atlas-LPBA40		random_forest	CN_vs_AD	0.596952380952	0.632630952381	0.550571428571	0.643333333333	0.598551724138	0.610154764812	0.592435812346
OASIS	T1		region_based	atlas-AICHA		linear_svm	CN_vs_AD	0.67370952381	0.721585714286	0.717285714286	0.630133333333	0.672206896552	0.711339985901	0.646640961832
OASIS	T1		region_based	atlas-AICHA		logistic_regression	CN_vs_AD	0.681295238095	0.737071428571	0.750857142857	0.611733333333	0.678896551724	0.731390281815	0.647631447397
OASIS	T1		region_based	atlas-AICHA		random_forest	CN_vs_AD	0.614528571429	0.655819047619	0.555857142857	0.6732	0.616551724138	0.622356115214	0.61688287801
ADNI	T1		voxel_based		smooothing-0	linear_svm	CN_vs_AD	0.866435128418	0.928443744822	0.82214084507	0.910729411765	0.87041025641	0.860873777108	0.886558490485
ADNI	T1		voxel_based		smooothing-0	linear_svm	CN_vs_MCI	0.584448897059	0.641785906863	0.7070625	0.461835294118	0.631812274368	0.416145215187	0.752273742845
ADNI	T1		voxel_based		smooothing-0	linear_svm	CN_vs_pMCI	0.721611764706	0.820283764706	0.903623529412	0.5396	0.7688	0.771220777398	0.770294177479
ADNI	T1		voxel_based		smooothing-0	linear_svm	CN-_vs_AD+	0.875872180451	0.933661654135	0.860315789474	0.891428571429	0.875232876712	0.856898972425	0.898065897203
ADNI	T1		voxel_based		smooothing-0	linear_svm	CN-_vs_MCI+	0.587388721805	0.708242105263	0.302514285714	0.872263157895	0.692612612613	0.732906202028	0.548464507685
ADNI	T1		voxel_based		smooothing-0	linear_svm	CN-_vs_pMCI+	0.749805714286	0.848617142857	0.887771428571	0.61184	0.7728	0.803508943679	0.764190610448
ADNI	T1		voxel_based		smooothing-0	linear_svm	MCI-_vs_MCI+	0.58577074041	0.608801516503	0.46806779661	0.703473684211	0.600592592593	0.631842920574	0.552504508391
ADNI	T1		voxel_based		smooothing-0	linear_svm	sMCI_vs_pMCI	0.639752621359	0.741944466019	0.45368	0.825825242718	0.704209150327	0.760548061957	0.578182911932
ADNI	T1		voxel_based		smooothing-0	linear_svm	sMCI+_vs_pMCI+	0.66754	0.74962	0.821	0.51408	0.695213114754	0.674599832671	0.710858668568
ADNI	T1		voxel_based		smooothing-4	linear_svm	CN_vs_AD	0.8693991715	0.929463131732	0.834704225352	0.904094117647	0.872512820513	0.868584563518	0.880696029254
ADNI	T1		voxel_based		smooothing-4	linear_svm	CN_vs_MCI	0.616182598039	0.664734926471	0.653541666667	0.578823529412	0.630613718412	0.426183394087	0.779990331157
ADNI	T1		voxel_based		smooothing-4	linear_svm	CN_vs_pMCI	0.739936470588	0.814389647059	0.856752941176	0.62312	0.770222222222	0.723084453495	0.79587875147
ADNI	T1		voxel_based		smooothing-4	linear_svm	CN-_vs_AD+	0.880885714286	0.940030075188	0.85	0.911771428571	0.879616438356	0.850589423707	0.914872523892
ADNI	T1		voxel_based		smooothing-4	linear_svm	CN-_vs_MCI+	0.641906015038	0.725587969925	0.490285714286	0.793526315789	0.69790990991	0.773911577704	0.530930684759
ADNI	T1		voxel_based		smooothing-4	linear_svm	CN-_vs_pMCI+	0.786491428571	0.868692571429	0.881942857143	0.69104	0.8024	0.81232337444	0.802123497426
ADNI	T1		voxel_based		smooothing-4	linear_svm	MCI-_vs_MCI+	0.590601694915	0.619944692239	0.548203389831	0.633	0.595940740741	0.645148967048	0.537216656913
ADNI	T1		voxel_based		smooothing-4	linear_svm	sMCI_vs_pMCI	0.660085048544	0.729733203883	0.58184	0.738330097087	0.687189542484	0.787982694491	0.523370570649
ADNI	T1		voxel_based		smooothing-4	linear_svm	sMCI+_vs_pMCI+	0.649264444444	0.722388888889	0.745888888889	0.55264	0.66668852459	0.60581420736	0.708603386796
ADNI	T1		voxel_based		smooothing-8	linear_svm	CN_vs_AD	0.857595691798	0.9208003314	0.827661971831	0.887529411765	0.860282051282	0.861676945363	0.861937342246
ADNI	T1		voxel_based		smooothing-8	linear_svm	CN_vs_MCI	0.626775	0.675033946078	0.63275	0.6208	0.629083032491	0.428710608182	0.791695345275
ADNI	T1		voxel_based		smooothing-8	linear_svm	CN_vs_pMCI	0.746035294118	0.812309647059	0.817270588235	0.6748	0.764503703704	0.686766971336	0.811500703278
ADNI	T1		voxel_based		smooothing-8	linear_svm	CN-_vs_AD+	0.872040601504	0.936881203008	0.843052631579	0.901028571429	0.870849315068	0.843945164195	0.90515638903
ADNI	T1		voxel_based		smooothing-8	linear_svm	CN-_vs_MCI+	0.656387969925	0.725619548872	0.577828571429	0.734947368421	0.685405405405	0.793936239979	0.503508161549
ADNI	T1		voxel_based		smooothing-8	linear_svm	CN-_vs_pMCI+	0.77712	0.848873142857	0.848	0.70624	0.788933333333	0.774098312484	0.804436303616
ADNI	T1		voxel_based		smooothing-8	linear_svm	MCI-_vs_MCI+	0.593383586084	0.626687778769	0.57613559322	0.610631578947	0.595555555556	0.651054402966	0.53558533365
ADNI	T1		voxel_based		smooothing-8	linear_svm	sMCI_vs_pMCI	0.664386407767	0.72557592233	0.6372	0.691572815534	0.673803921569	0.799315121494	0.501894277443
ADNI	T1		voxel_based		smooothing-8	linear_svm	sMCI+_vs_pMCI+	0.628224444444	0.68008	0.661888888889	0.59456	0.634295081967	0.553260046874	0.706331032546
ADNI	T1		voxel_based		smooothing-12	linear_svm	CN_vs_AD	0.851992046396	0.917301077051	0.82276056338	0.881223529412	0.854615384615	0.856943617529	0.854162882492
ADNI	T1		voxel_based		smooothing-12	linear_svm	CN_vs_MCI	0.629674509804	0.674748406863	0.624666666667	0.634682352941	0.627740072202	0.428811290135	0.795151643174
ADNI	T1		voxel_based		smooothing-12	linear_svm	CN_vs_pMCI	0.749964705882	0.814283764706	0.801129411765	0.6988	0.76322962963	0.676345609936	0.81981797423
ADNI	T1		voxel_based		smooothing-12	linear_svm	CN-_vs_AD+	0.857843609023	0.925342857143	0.826315789474	0.889371428571	0.856547945205	0.827969131063	0.893207310733
ADNI	T1		voxel_based		smooothing-12	linear_svm	CN-_vs_MCI+	0.660887969925	0.720876691729	0.625828571429	0.695947368421	0.673837837838	0.803825117454	0.488840615956
ADNI	T1		voxel_based		smooothing-12	linear_svm	CN-_vs_pMCI+	0.762742857143	0.829106285714	0.831085714286	0.6944	0.774133333333	0.753033880861	0.794588290438
ADNI	T1		voxel_based		smooothing-12	linear_svm	MCI-_vs_MCI+	0.593807314897	0.626431311329	0.578983050847	0.608631578947	0.595674074074	0.651900506223	0.534996398292
ADNI	T1		voxel_based		smooothing-12	linear_svm	sMCI_vs_pMCI	0.670717281553	0.726106796117	0.65992	0.681514563107	0.67445751634	0.806335391409	0.502309382967
ADNI	T1		voxel_based		smooothing-12	linear_svm	sMCI+_vs_pMCI+	0.640906666667	0.691097777778	0.633333333333	0.64848	0.639540983607	0.553237455311	0.7280067081
ADNI	T1		region_based	atlas-AAL2		linear_svm	CN_vs_AD	0.844107042254	0.919736868268	0.813014084507	0.8752	0.846897435897	0.849818068844	0.846548683631
ADNI	T1		region_based	atlas-AAL2		linear_svm	CN_vs_MCI	0.632630637255	0.682301348039	0.563708333333	0.701552941176	0.606007220217	0.416341150853	0.811624280219
ADNI	T1		region_based	atlas-AAL2		linear_svm	CN_vs_pMCI	0.783087058824	0.845363294118	0.844094117647	0.72208	0.798903703704	0.734656658469	0.838632137892
ADNI	T1		region_based	atlas-AAL2		linear_svm	CN-_vs_AD+	0.833593984962	0.920566917293	0.801473684211	0.865714285714	0.832273972603	0.804140905111	0.869820001471
ADNI	T1		region_based	atlas-AAL2		linear_svm	CN-_vs_MCI+	0.667668421053	0.731030075188	0.6976	0.637736842105	0.656612612613	0.823372789129	0.472103094401
ADNI	T1		region_based	atlas-AAL2		linear_svm	CN-_vs_pMCI+	0.780148571429	0.85808	0.826857142857	0.73344	0.787933333333	0.757978815026	0.815548934746
ADNI	T1		region_based	atlas-AAL2		linear_svm	MCI-_vs_MCI+	0.599327832293	0.616255129349	0.632813559322	0.565842105263	0.595111111111	0.666982666971	0.531849967397
ADNI	T1		region_based	atlas-AAL2		linear_svm	sMCI_vs_pMCI	0.704876116505	0.76744776699	0.71216	0.69759223301	0.702352941176	0.834037337533	0.534591226192
ADNI	T1		region_based	atlas-AAL2		linear_svm	sMCI+_vs_pMCI+	0.671764444444	0.728724444444	0.682888888889	0.66064	0.673770491803	0.595100804232	0.746421044877
ADNI	T1		region_based	atlas-AAL2		logistic_regression	CN_vs_AD	0.837376636288	0.91753968517	0.80985915493	0.864894117647	0.839846153846	0.846002886455	0.835656886405
ADNI	T1		region_based	atlas-AAL2		logistic_regression	CN_vs_MCI	0.629401470588	0.685257843137	0.59725	0.661552941176	0.616981949458	0.421486337822	0.799941238469
ADNI	T1		region_based	atlas-AAL2		logistic_regression	CN_vs_pMCI	0.776992941176	0.839727058824	0.808705882353	0.74528	0.785214814815	0.699185533738	0.844478015062
ADNI	T1		region_based	atlas-AAL2		logistic_regression	CN-_vs_AD+	0.829345864662	0.923266165414	0.799263157895	0.859428571429	0.828109589041	0.800667744609	0.863279240899
ADNI	T1		region_based	atlas-AAL2		logistic_regression	CN-_vs_MCI+	0.668131578947	0.737147368421	0.676	0.660263157895	0.665225225225	0.817139372236	0.480298223539
ADNI	T1		region_based	atlas-AAL2		logistic_regression	CN-_vs_pMCI+	0.778662857143	0.850011428571	0.813485714286	0.74384	0.784466666667	0.745602488243	0.818197471295
ADNI	T1		region_based	atlas-AAL2		logistic_regression	MCI-_vs_MCI+	0.601866190901	0.632792149866	0.633627118644	0.570105263158	0.597866666667	0.668773117111	0.534157658782
ADNI	T1		region_based	atlas-AAL2		logistic_regression	sMCI_vs_pMCI	0.697643883495	0.766208932039	0.67688	0.71840776699	0.704836601307	0.821634060456	0.540387818037
ADNI	T1		region_based	atlas-AAL2		logistic_regression	sMCI+_vs_pMCI+	0.682775555556	0.740062222222	0.716111111111	0.64944	0.688786885246	0.617825217806	0.748825702674
ADNI	T1		region_based	atlas-AAL2		random_forest	CN_vs_AD	0.820276056338	0.898776470588	0.769352112676	0.8712	0.824846153846	0.819715598215	0.834763345711
ADNI	T1		region_based	atlas-AAL2		random_forest	CN_vs_pMCI	0.708018823529	0.803208470588	0.890917647059	0.52512	0.755437037037	0.74191428213	0.762069377948
ADNI	T1		region_based	atlas-AAL2		random_forest	sMCI_vs_pMCI	0.592114951456	0.724147961165	0.30256	0.881669902913	0.692418300654	0.722852926228	0.558857583203
ADNI	T1		region_based	atlas-Neuromorphometrics		linear_svm	CN_vs_AD	0.856582270091	0.924564705882	0.821070422535	0.892094117647	0.859769230769	0.857438261266	0.865420270105
ADNI	T1		region_based	atlas-Neuromorphometrics		linear_svm	CN_vs_MCI	0.633197671569	0.685771446078	0.543854166667	0.722541176471	0.598685920578	0.412779338169	0.817202638766
ADNI	T1		region_based	atlas-Neuromorphometrics		linear_svm	CN_vs_pMCI	0.767571764706	0.838477647059	0.840423529412	0.69472	0.786459259259	0.722716910297	0.82491064573
ADNI	T1		region_based	atlas-Neuromorphometrics		linear_svm	CN-_vs_AD+	0.859718796992	0.937781954887	0.827894736842	0.891542857143	0.858410958904	0.829585543652	0.895035247809
ADNI	T1		region_based	atlas-Neuromorphometrics		linear_svm	CN-_vs_MCI+	0.672315789474	0.731929323308	0.712	0.632631578947	0.657657657658	0.828366936684	0.473619576219
ADNI	T1		region_based	atlas-Neuromorphometrics		linear_svm	CN-_vs_pMCI+	0.773497142857	0.846592	0.848114285714	0.69888	0.785933333333	0.771787868807	0.799687921273
ADNI	T1		region_based	atlas-Neuromorphometrics		linear_svm	MCI-_vs_MCI+	0.595272078501	0.628962087422	0.625491525424	0.565052631579	0.591466666667	0.662424470045	0.527864318642
ADNI	T1		region_based	atlas-Neuromorphometrics		linear_svm	sMCI_vs_pMCI	0.685730485437	0.750720776699	0.66816	0.703300970874	0.691816993464	0.81454929506	0.523717212596
ADNI	T1		region_based	atlas-Neuromorphometrics		linear_svm	sMCI+_vs_pMCI+	0.650904444444	0.699533333333	0.671888888889	0.62992	0.65468852459	0.574008354693	0.725430800188
ADNI	T1		region_based	atlas-Neuromorphometrics		logistic_regression	CN_vs_AD	0.853969179785	0.924768848384	0.830197183099	0.877741176471	0.856102564103	0.862126508517	0.851324061853
ADNI	T1		region_based	atlas-Neuromorphometrics		logistic_regression	CN_vs_MCI	0.637579044118	0.69167622549	0.5946875	0.680470588235	0.621010830325	0.426845687155	0.808560105796
ADNI	T1		region_based	atlas-Neuromorphometrics		logistic_regression	CN_vs_pMCI	0.771025882353	0.837363764706	0.821411764706	0.72064	0.784088888889	0.706031078871	0.834271377168
ADNI	T1		region_based	atlas-Neuromorphometrics		logistic_regression	CN-_vs_AD+	0.852990977444	0.929993984962	0.822210526316	0.883771428571	0.851726027397	0.823300889714	0.886736017782
ADNI	T1		region_based	atlas-Neuromorphometrics		logistic_regression	CN-_vs_MCI+	0.672953383459	0.738696240602	0.681485714286	0.664421052632	0.669801801802	0.820308985089	0.485849766882
ADNI	T1		region_based	atlas-Neuromorphometrics		logistic_regression	CN-_vs_pMCI+	0.77472	0.845801142857	0.8432	0.70624	0.786133333333	0.768659920356	0.803146318981
ADNI	T1		region_based	atlas-Neuromorphometrics		logistic_regression	MCI-_vs_MCI+	0.606679750223	0.642151650312	0.623254237288	0.590105263158	0.604592592593	0.67017734859	0.54175878952
ADNI	T1		region_based	atlas-Neuromorphometrics		logistic_regression	sMCI_vs_pMCI	0.683954563107	0.753465631068	0.65288	0.715029126214	0.694718954248	0.810269381863	0.52814076837
ADNI	T1		region_based	atlas-Neuromorphometrics		logistic_regression	sMCI+_vs_pMCI+	0.663608888889	0.721124444444	0.697777777778	0.62944	0.669770491803	0.595546123884	0.733014173389
ADNI	T1		region_based	atlas-Hammers		linear_svm	CN_vs_AD	0.838929246065	0.906106710853	0.79414084507	0.883717647059	0.842948717949	0.838000016395	0.852417171743
ADNI	T1		region_based	atlas-Hammers		linear_svm	CN_vs_MCI	0.636521078431	0.679126470588	0.555583333333	0.717458823529	0.60525631769	0.417442968077	0.817297509543
ADNI	T1		region_based	atlas-Hammers		linear_svm	CN_vs_pMCI	0.755682352941	0.826522823529	0.822164705882	0.6892	0.772918518519	0.69818246602	0.819020381914
ADNI	T1		region_based	atlas-Hammers		linear_svm	CN-_vs_AD+	0.82869924812	0.903503759398	0.791684210526	0.865714285714	0.827178082192	0.795887215638	0.868830042542
ADNI	T1		region_based	atlas-Hammers		linear_svm	CN-_vs_MCI+	0.657461654135	0.709436842105	0.701028571429	0.613894736842	0.641369369369	0.818134816226	0.457342230869
ADNI	T1		region_based	atlas-Hammers		linear_svm	CN-_vs_pMCI+	0.752491428571	0.814315428571	0.810742857143	0.69424	0.7622	0.732613554908	0.78956419439
ADNI	T1		region_based	atlas-Hammers		linear_svm	MCI-_vs_MCI+	0.575126672614	0.586152988403	0.594779661017	0.555473684211	0.572651851852	0.639905058131	0.510746624786
ADNI	T1		region_based	atlas-Hammers		linear_svm	sMCI_vs_pMCI	0.69188776699	0.745107961165	0.69096	0.692815533981	0.692209150327	0.822884828303	0.52356207873
ADNI	T1		region_based	atlas-Hammers		linear_svm	sMCI+_vs_pMCI+	0.650135555556	0.690515555556	0.680111111111	0.62016	0.655540983607	0.577442819637	0.723646995899
ADNI	T1		region_based	atlas-Hammers		logistic_regression	CN_vs_AD	0.842049710025	0.906404639602	0.813746478873	0.870352941176	0.84458974359	0.849375774243	0.841192016987
ADNI	T1		region_based	atlas-Hammers		logistic_regression	CN_vs_MCI	0.639252205882	0.684102696078	0.597375	0.681129411765	0.623075812274	0.42883754767	0.809394695094
ADNI	T1		region_based	atlas-Hammers		logistic_regression	CN_vs_pMCI	0.76548	0.822940235294	0.8136	0.71736	0.777955555556	0.696265912167	0.831421652998
ADNI	T1		region_based	atlas-Hammers		logistic_regression	CN-_vs_AD+	0.830481203008	0.899401503759	0.802105263158	0.858857142857	0.829315068493	0.802951196626	0.863143276929
ADNI	T1		region_based	atlas-Hammers		logistic_regression	CN-_vs_MCI+	0.666456390977	0.72405112782	0.696228571429	0.636684210526	0.655459459459	0.821091712757	0.471336740667
ADNI	T1		region_based	atlas-Hammers		logistic_regression	CN-_vs_pMCI+	0.765005714286	0.816544	0.821371428571	0.70864	0.7744	0.747450900031	0.800066021681
ADNI	T1		region_based	atlas-Hammers		logistic_regression	MCI-_vs_MCI+	0.582889830508	0.608204281891	0.622779661017	0.543	0.577866666667	0.650529451401	0.514949307822
ADNI	T1		region_based	atlas-Hammers		logistic_regression	sMCI_vs_pMCI	0.682558446602	0.738384466019	0.66768	0.697436893204	0.687712418301	0.813128840487	0.518420165966
ADNI	T1		region_based	atlas-Hammers		logistic_regression	sMCI+_vs_pMCI+	0.656557777778	0.703248888889	0.718555555556	0.59456	0.667737704918	0.59870567331	0.722018694137
ADNI	T1		region_based	atlas-LPBA40		linear_svm	CN_vs_AD	0.851113504557	0.912174979287	0.801521126761	0.900705882353	0.855564102564	0.845410730541	0.872230360421
ADNI	T1		region_based	atlas-LPBA40		linear_svm	CN_vs_MCI	0.638959068627	0.682887132353	0.557541666667	0.720376470588	0.607509025271	0.419237088039	0.819377575144
ADNI	T1		region_based	atlas-LPBA40		linear_svm	CN_vs_pMCI	0.760729411765	0.823552941176	0.805458823529	0.716	0.772325925926	0.687040133645	0.829166716175
ADNI	T1		region_based	atlas-LPBA40		linear_svm	CN-_vs_AD+	0.861604511278	0.925494736842	0.807894736842	0.915314285714	0.859397260274	0.81670946253	0.914587832616
ADNI	T1		region_based	atlas-LPBA40		linear_svm	CN-_vs_MCI+	0.655981954887	0.710585714286	0.727542857143	0.584421052632	0.62954954955	0.824994964142	0.4478956518
ADNI	T1		region_based	atlas-LPBA40		linear_svm	CN-_vs_pMCI+	0.751451428571	0.813984	0.808342857143	0.69456	0.760933333333	0.728177011815	0.790161541072
ADNI	T1		region_based	atlas-LPBA40		linear_svm	MCI-_vs_MCI+	0.585929081178	0.60500044603	0.588542372881	0.583315789474	0.5856	0.646994891987	0.52450803227
ADNI	T1		region_based	atlas-LPBA40		linear_svm	sMCI_vs_pMCI	0.674403106796	0.728254757282	0.67568	0.673126213592	0.673960784314	0.811363506213	0.502154544668
ADNI	T1		region_based	atlas-LPBA40		linear_svm	sMCI+_vs_pMCI+	0.637666666667	0.663968888889	0.627333333333	0.648	0.635803278689	0.547624110431	0.723384625226
ADNI	T1		region_based	atlas-LPBA40		logistic_regression	CN_vs_AD	0.848835459818	0.911232477216	0.81785915493	0.879811764706	0.851615384615	0.853611863166	0.852024330879
ADNI	T1		region_based	atlas-LPBA40		logistic_regression	CN_vs_MCI	0.63973995098	0.688193627451	0.607291666667	0.672188235294	0.627205776173	0.431419211612	0.807672578078
ADNI	T1		region_based	atlas-LPBA40		logistic_regression	CN_vs_pMCI	0.760649411765	0.817420235294	0.803858823529	0.71744	0.771851851852	0.684863024279	0.829731725568
ADNI	T1		region_based	atlas-LPBA40		logistic_regression	CN-_vs_AD+	0.845566917293	0.916751879699	0.806105263158	0.885028571429	0.843945205479	0.810694574355	0.886607590252
ADNI	T1		region_based	atlas-LPBA40		logistic_regression	CN-_vs_MCI+	0.669865413534	0.720469172932	0.713257142857	0.626473684211	0.653837837838	0.827657028999	0.469744010638
ADNI	T1		region_based	atlas-LPBA40		logistic_regression	CN-_vs_pMCI+	0.755165714286	0.814034285714	0.815771428571	0.69456	0.765266666667	0.735106337476	0.792045694879
ADNI	T1		region_based	atlas-LPBA40		logistic_regression	MCI-_vs_MCI+	0.583491525424	0.616659232828	0.610983050847	0.556	0.58002962963	0.648904904149	0.517467570656
ADNI	T1		region_based	atlas-LPBA40		logistic_regression	sMCI_vs_pMCI	0.667757669903	0.724417864078	0.64336	0.692155339806	0.676209150327	0.800579409981	0.505171587401
ADNI	T1		region_based	atlas-LPBA40		logistic_regression	sMCI+_vs_pMCI+	0.647231111111	0.697017777778	0.704222222222	0.59024	0.657508196721	0.586406592906	0.716196556154
ADNI	T1		region_based	atlas-AICHA		linear_svm	CN_vs_AD	0.848593537697	0.916498094449	0.819492957746	0.877694117647	0.851205128205	0.854276531572	0.849939460656
ADNI	T1		region_based	atlas-AICHA		linear_svm	CN_vs_MCI	0.613062867647	0.656209681373	0.6019375	0.624188235294	0.60876534296	0.41027385932	0.784661438286
ADNI	T1		region_based	atlas-AICHA		linear_svm	CN_vs_pMCI	0.741228235294	0.808567058824	0.787576470588	0.69488	0.753244444444	0.661188597394	0.81541966358
ADNI	T1		region_based	atlas-AICHA		linear_svm	CN-_vs_AD+	0.857094736842	0.92644962406	0.827789473684	0.8864	0.855890410959	0.828323527536	0.890460084186
ADNI	T1		region_based	atlas-AICHA		linear_svm	CN-_vs_MCI+	0.653369172932	0.706669924812	0.628685714286	0.678052631579	0.662486486486	0.799905832485	0.475104539277
ADNI	T1		region_based	atlas-AICHA		linear_svm	CN-_vs_pMCI+	0.75928	0.826818285714	0.812	0.70656	0.768066666667	0.734645351889	0.796620635245
ADNI	T1		region_based	atlas-AICHA		linear_svm	MCI-_vs_MCI+	0.587768956289	0.603653880464	0.542169491525	0.633368421053	0.593511111111	0.641389130915	0.534891386924
ADNI	T1		region_based	atlas-AICHA		linear_svm	sMCI_vs_pMCI	0.649015145631	0.709085825243	0.65504	0.642990291262	0.646928104575	0.794894380285	0.471665871312
ADNI	T1		region_based	atlas-AICHA		linear_svm	sMCI+_vs_pMCI+	0.649951111111	0.682151111111	0.628222222222	0.67168	0.646032786885	0.560138767939	0.739323099611
ADNI	T1		region_based	atlas-AICHA		logistic_regression	CN_vs_AD	0.845891300746	0.914887821044	0.820394366197	0.871388235294	0.848179487179	0.854310539377	0.844137714879
ADNI	T1		region_based	atlas-AICHA		logistic_regression	CN_vs_MCI	0.612671446078	0.661420343137	0.618895833333	0.606447058824	0.615075812274	0.413832552713	0.780916245099
ADNI	T1		region_based	atlas-AICHA		logistic_regression	CN_vs_pMCI	0.739378823529	0.804618352941	0.790117647059	0.68864	0.752533333333	0.661360943897	0.812990534897
ADNI	T1		region_based	atlas-AICHA		logistic_regression	CN-_vs_AD+	0.85074887218	0.918806015038	0.814526315789	0.886971428571	0.849260273973	0.817402737477	0.888981492748
ADNI	T1		region_based	atlas-AICHA		logistic_regression	CN-_vs_MCI+	0.659139849624	0.709577443609	0.631542857143	0.686736842105	0.669333333333	0.803022489571	0.483804506513
ADNI	T1		region_based	atlas-AICHA		logistic_regression	CN-_vs_pMCI+	0.756217142857	0.816818285714	0.828114285714	0.68432	0.7682	0.746056932333	0.788482672496
ADNI	T1		region_based	atlas-AICHA		logistic_regression	MCI-_vs_MCI+	0.589491079393	0.620723461195	0.586508474576	0.592473684211	0.589866666667	0.651255417161	0.529023924104
ADNI	T1		region_based	atlas-AICHA		logistic_regression	sMCI_vs_pMCI	0.658273786408	0.716687378641	0.6068	0.709747572816	0.676104575163	0.788909518559	0.505476505457
ADNI	T1		region_based	atlas-AICHA		logistic_regression	sMCI+_vs_pMCI+	0.650953333333	0.711297777778	0.699666666667	0.60224	0.659737704918	0.585538912986	0.718985100103
ADNI	fdg	rbv	voxel_based		smooothing-0	linear_svm	CN_vs_AD	0.881970505385	0.949695774648	0.837070422535	0.926870588235	0.886	0.873050335862	0.906579955079
ADNI	fdg	rbv	voxel_based		smooothing-0	linear_svm	CN_vs_MCI	0.566129534314	0.644327328431	0.819270833333	0.312988235294	0.663913357401	0.442367224133	0.730957690108
ADNI	fdg	rbv	voxel_based		smooothing-0	linear_svm	CN_vs_pMCI	0.768070588235	0.854061647059	0.897741176471	0.6384	0.801688888889	0.789619612075	0.809255475615
ADNI	fdg	rbv	voxel_based		smooothing-0	linear_svm	CN-_vs_AD+	0.884793984962	0.960248120301	0.861473684211	0.908114285714	0.883835616438	0.860763278364	0.912847381634
ADNI	fdg	rbv	voxel_based		smooothing-0	linear_svm	CN-_vs_MCI+	0.616845112782	0.712188721805	0.402742857143	0.830947368421	0.695927927928	0.754389827192	0.538270598724
ADNI	fdg	rbv	voxel_based		smooothing-0	linear_svm	CN-_vs_pMCI+	0.776125714286	0.861236571429	0.864571428571	0.68768	0.790866666667	0.789017081391	0.796485850563
ADNI	fdg	rbv	voxel_based		smooothing-0	linear_svm	MCI-_vs_MCI+	0.608061552186	0.658708296164	0.493491525424	0.722631578947	0.622488888889	0.648341188919	0.582481784164
ADNI	fdg	rbv	voxel_based		smooothing-0	linear_svm	sMCI_vs_pMCI	0.706787184466	0.785369708738	0.54072	0.872854368932	0.76431372549	0.797300931214	0.679148942883
ADNI	fdg	rbv	voxel_based		smooothing-0	linear_svm	sMCI+_vs_pMCI+	0.70244	0.770677777778	0.81	0.59488	0.721836065574	0.691973926669	0.743992941709
ADNI	fdg	rbv	voxel_based		smooothing-4	linear_svm	CN_vs_AD	0.888458657829	0.955016404308	0.84614084507	0.930776470588	0.892256410256	0.879718080267	0.911867916028
ADNI	fdg	rbv	voxel_based		smooothing-4	linear_svm	CN_vs_MCI	0.60370870098	0.663613235294	0.719229166667	0.488188235294	0.648332129964	0.44028615546	0.762852690123
ADNI	fdg	rbv	voxel_based		smooothing-4	linear_svm	CN_vs_pMCI	0.77564	0.851814588235	0.8752	0.67608	0.801451851852	0.763791245412	0.822181732466
ADNI	fdg	rbv	voxel_based		smooothing-4	linear_svm	CN-_vs_AD+	0.921351879699	0.975357894737	0.897789473684	0.944914285714	0.920383561644	0.897192484334	0.947957338348
ADNI	fdg	rbv	voxel_based		smooothing-4	linear_svm	CN-_vs_MCI+	0.63882556391	0.718740601504	0.548914285714	0.728736842105	0.672036036036	0.78168766059	0.486799069887
ADNI	fdg	rbv	voxel_based		smooothing-4	linear_svm	CN-_vs_pMCI+	0.798091428571	0.879830857143	0.861942857143	0.73424	0.808733333333	0.796027520084	0.822166273844
ADNI	fdg	rbv	voxel_based		smooothing-4	linear_svm	MCI-_vs_MCI+	0.615444246209	0.663547279215	0.560677966102	0.670210526316	0.622340740741	0.66409759907	0.570612768081
ADNI	fdg	rbv	voxel_based		smooothing-4	linear_svm	sMCI_vs_pMCI	0.699563495146	0.773493592233	0.59536	0.803766990291	0.735660130719	0.805147878272	0.600365342266
ADNI	fdg	rbv	voxel_based		smooothing-4	linear_svm	sMCI+_vs_pMCI+	0.711031111111	0.770524444444	0.778222222222	0.64384	0.723147540984	0.6746222069	0.761198256433
ADNI	fdg	rbv	voxel_based		smooothing-8	linear_svm	CN_vs_AD	0.889605302403	0.953165202983	0.851492957746	0.927717647059	0.893025641026	0.883051594935	0.909298183827
ADNI	fdg	rbv	voxel_based		smooothing-8	linear_svm	CN_vs_MCI	0.617362622549	0.666432598039	0.658395833333	0.576329411765	0.63321299639	0.42873106916	0.78018021388
ADNI	fdg	rbv	voxel_based		smooothing-8	linear_svm	CN_vs_pMCI	0.77324	0.846416470588	0.8528	0.69368	0.793866666667	0.737927918166	0.826815921127
ADNI	fdg	rbv	voxel_based		smooothing-8	linear_svm	CN-_vs_AD+	0.936318796992	0.978339849624	0.917894736842	0.954742857143	0.935561643836	0.916850660925	0.958116218322
ADNI	fdg	rbv	voxel_based		smooothing-8	linear_svm	CN-_vs_MCI+	0.649979699248	0.721601503759	0.629485714286	0.670473684211	0.65754954955	0.799942514895	0.469844581908
ADNI	fdg	rbv	voxel_based		smooothing-8	linear_svm	CN-_vs_pMCI+	0.783874285714	0.864898285714	0.833828571429	0.73392	0.7922	0.766012598916	0.816988520089
ADNI	fdg	rbv	voxel_based		smooothing-8	linear_svm	MCI-_vs_MCI+	0.620900981267	0.663714986619	0.610644067797	0.631157894737	0.622192592593	0.677662218781	0.56350193074
ADNI	fdg	rbv	voxel_based		smooothing-8	linear_svm	sMCI_vs_pMCI	0.696489708738	0.766356116505	0.63896	0.754019417476	0.716418300654	0.812820811293	0.560836726125
ADNI	fdg	rbv	voxel_based		smooothing-8	linear_svm	sMCI+_vs_pMCI+	0.689551111111	0.755344444444	0.736222222222	0.64288	0.697967213115	0.633836473452	0.750225821555
ADNI	fdg	rbv	voxel_based		smooothing-12	linear_svm	CN_vs_AD	0.8854008285	0.947890306545	0.853295774648	0.917505882353	0.888282051282	0.883059084109	0.897633468452
ADNI	fdg	rbv	voxel_based		smooothing-12	linear_svm	CN_vs_MCI	0.620536151961	0.646538480392	0.623895833333	0.617176470588	0.621833935018	0.421596268478	0.787613748058
ADNI	fdg	rbv	voxel_based		smooothing-12	linear_svm	CN_vs_pMCI	0.768484705882	0.839358117647	0.831529411765	0.70544	0.78482962963	0.715146342979	0.828617608044
ADNI	fdg	rbv	voxel_based		smooothing-12	linear_svm	CN-_vs_AD+	0.929473684211	0.97457443609	0.910947368421	0.948	0.928712328767	0.909727804103	0.951879087682
ADNI	fdg	rbv	voxel_based		smooothing-12	linear_svm	CN-_vs_MCI+	0.650534586466	0.719490977444	0.651542857143	0.649526315789	0.650162162162	0.804460385423	0.462131004325
ADNI	fdg	rbv	voxel_based		smooothing-12	linear_svm	CN-_vs_pMCI+	0.779622857143	0.858388571429	0.827085714286	0.73216	0.787533333333	0.756479613869	0.814714592174
ADNI	fdg	rbv	voxel_based		smooothing-12	linear_svm	MCI-_vs_MCI+	0.624766726137	0.668610169492	0.627796610169	0.621736842105	0.624385185185	0.684620164809	0.56369442194
ADNI	fdg	rbv	voxel_based		smooothing-12	linear_svm	sMCI_vs_pMCI	0.699813980583	0.773971650485	0.66056	0.739067961165	0.713411764706	0.818968598648	0.553648138535
ADNI	fdg	rbv	voxel_based		smooothing-12	linear_svm	sMCI+_vs_pMCI+	0.682531111111	0.750117777778	0.713222222222	0.65184	0.68806557377	0.617219624057	0.748325717408
ADNI	fdg	None	voxel_based		smooothing-0	linear_svm	CN_vs_AD	0.885031980116	0.954258823529	0.850816901408	0.919247058824	0.888102564103	0.881660833522	0.899523958252
ADNI	fdg	None	voxel_based		smooothing-0	linear_svm	CN_vs_MCI	0.600184068627	0.665744730392	0.720791666667	0.479576470588	0.646772563177	0.437374577886	0.760985649102
ADNI	fdg	None	voxel_based		smooothing-0	linear_svm	CN_vs_pMCI	0.774592941176	0.851833411765	0.871105882353	0.67808	0.799614814815	0.758882603976	0.822276910103
ADNI	fdg	None	voxel_based		smooothing-0	linear_svm	CN-_vs_AD+	0.912920300752	0.975888721805	0.890526315789	0.935314285714	0.912	0.889740447515	0.938898328232
ADNI	fdg	None	voxel_based		smooothing-0	linear_svm	CN-_vs_MCI+	0.629276691729	0.713921804511	0.476342857143	0.782210526316	0.685765765766	0.765984358133	0.511569796083
ADNI	fdg	None	voxel_based		smooothing-0	linear_svm	CN-_vs_pMCI+	0.796125714286	0.871819428571	0.868571428571	0.72368	0.8082	0.803481397779	0.817174628654
ADNI	fdg	None	voxel_based		smooothing-0	linear_svm	MCI-_vs_MCI+	0.617947814451	0.664328278323	0.552474576271	0.683421052632	0.626192592593	0.664237803021	0.577476638814
ADNI	fdg	None	voxel_based		smooothing-0	linear_svm	sMCI_vs_pMCI	0.710446601942	0.785505631068	0.6	0.820893203883	0.748705882353	0.810052553059	0.624553940366
ADNI	fdg	None	voxel_based		smooothing-0	linear_svm	sMCI+_vs_pMCI+	0.707306666667	0.778782222222	0.781333333333	0.63328	0.720655737705	0.675308606354	0.75611667203
ADNI	fdg	None	voxel_based		smooothing-4	linear_svm	CN_vs_AD	0.886522618061	0.955381275891	0.851774647887	0.921270588235	0.889641025641	0.882497425908	0.901708092289
ADNI	fdg	None	voxel_based		smooothing-4	linear_svm	CN_vs_MCI	0.612096936275	0.672100490196	0.689229166667	0.534964705882	0.641891696751	0.4344501661	0.772541217321
ADNI	fdg	None	voxel_based		smooothing-4	linear_svm	CN_vs_pMCI	0.774002352941	0.845528941176	0.853364705882	0.69464	0.794577777778	0.739695265335	0.827061634211
ADNI	fdg	None	voxel_based		smooothing-4	linear_svm	CN-_vs_AD+	0.930267669173	0.978163909774	0.908421052632	0.952114285714	0.929369863014	0.907660875729	0.955490213176
ADNI	fdg	None	voxel_based		smooothing-4	linear_svm	CN-_vs_MCI+	0.634243609023	0.713222556391	0.562171428571	0.706315789474	0.660864864865	0.780688838545	0.472104992541
ADNI	fdg	None	voxel_based		smooothing-4	linear_svm	CN-_vs_pMCI+	0.793188571429	0.866466285714	0.849257142857	0.73712	0.802533333333	0.784218499751	0.821815602566
ADNI	fdg	None	voxel_based		smooothing-4	linear_svm	MCI-_vs_MCI+	0.628815789474	0.673950490633	0.596	0.661631578947	0.632948148148	0.680076108692	0.578947906624
ADNI	fdg	None	voxel_based		smooothing-4	linear_svm	sMCI_vs_pMCI	0.708904466019	0.778926601942	0.64744	0.770368932039	0.730196078431	0.820204765583	0.581400447235
ADNI	fdg	None	voxel_based		smooothing-4	linear_svm	sMCI+_vs_pMCI+	0.69814	0.768424444444	0.755	0.64128	0.708393442623	0.650499900153	0.754382732939
ADNI	fdg	None	voxel_based		smooothing-8	linear_svm	CN_vs_AD	0.886457000829	0.950921955261	0.851549295775	0.921364705882	0.88958974359	0.882204536203	0.901915886909
ADNI	fdg	None	voxel_based		smooothing-8	linear_svm	CN_vs_MCI	0.620916176471	0.675647916667	0.64075	0.601082352941	0.628577617329	0.426537626699	0.785558044935
ADNI	fdg	None	voxel_based		smooothing-8	linear_svm	CN_vs_pMCI	0.77356	0.844431529412	0.8456	0.70152	0.792237037037	0.73037633196	0.829280149228
ADNI	fdg	None	voxel_based		smooothing-8	linear_svm	CN-_vs_AD+	0.938806015038	0.979630075188	0.914526315789	0.963085714286	0.937808219178	0.914116965559	0.965387343425
ADNI	fdg	None	voxel_based		smooothing-8	linear_svm	CN-_vs_MCI+	0.642453383459	0.715005263158	0.609485714286	0.675421052632	0.654630630631	0.793485092174	0.465399310089
ADNI	fdg	None	voxel_based		smooothing-8	linear_svm	CN-_vs_pMCI+	0.785634285714	0.864521142857	0.828228571429	0.74304	0.792733333333	0.760501641125	0.821565360772
ADNI	fdg	None	voxel_based		smooothing-8	linear_svm	MCI-_vs_MCI+	0.622251561106	0.667195361285	0.619661016949	0.624842105263	0.622577777778	0.681120258361	0.562611767343
ADNI	fdg	None	voxel_based		smooothing-8	linear_svm	sMCI_vs_pMCI	0.710770873786	0.782502912621	0.6676	0.753941747573	0.725725490196	0.825069007993	0.570718716748
ADNI	fdg	None	voxel_based		smooothing-8	linear_svm	sMCI+_vs_pMCI+	0.683855555556	0.76008	0.738111111111	0.6296	0.693639344262	0.631762145771	0.743305180351
ADNI	fdg	None	voxel_based		smooothing-12	linear_svm	CN_vs_AD	0.885648715824	0.948564043082	0.850591549296	0.920705882353	0.888794871795	0.881733549227	0.901078577786
ADNI	fdg	None	voxel_based		smooothing-12	linear_svm	CN_vs_MCI	0.619171691176	0.670688602941	0.6224375	0.615905882353	0.620433212996	0.41985992038	0.786651292188
ADNI	fdg	None	voxel_based		smooothing-12	linear_svm	CN_vs_pMCI	0.771564705882	0.843079058824	0.829929411765	0.7132	0.786696296296	0.714607453281	0.832077578676
ADNI	fdg	None	voxel_based		smooothing-12	linear_svm	CN-_vs_AD+	0.932566917293	0.976607518797	0.912105263158	0.953028571429	0.931726027397	0.911513235105	0.956493309174
ADNI	fdg	None	voxel_based		smooothing-12	linear_svm	CN-_vs_MCI+	0.65675037594	0.725321804511	0.660342857143	0.653157894737	0.655423423423	0.808990546982	0.467869388105
ADNI	fdg	None	voxel_based		smooothing-12	linear_svm	CN-_vs_pMCI+	0.779874285714	0.860678857143	0.817028571429	0.74272	0.786066666667	0.748625805144	0.819099026727
ADNI	fdg	None	voxel_based		smooothing-12	linear_svm	MCI-_vs_MCI+	0.630538804639	0.677289473684	0.649288135593	0.611789473684	0.628177777778	0.694152022939	0.56584515183
ADNI	fdg	None	voxel_based		smooothing-12	linear_svm	sMCI_vs_pMCI	0.708950679612	0.780623300971	0.66928	0.748621359223	0.722692810458	0.824686922872	0.56591601269
ADNI	fdg	None	voxel_based		smooothing-12	linear_svm	sMCI+_vs_pMCI+	0.679897777778	0.75164	0.721555555556	0.63824	0.687409836066	0.618230426202	0.744289249975
ADNI	fdg	rbv	region_based	atlas-AAL2		linear_svm	CN_vs_AD	0.878430157415	0.949165202983	0.846366197183	0.910494117647	0.881307692308	0.877541646232	0.889203725982
ADNI	fdg	rbv	region_based	atlas-AAL2		linear_svm	CN_vs_MCI	0.626280759804	0.671885906863	0.587479166667	0.665082352941	0.611292418773	0.416627956969	0.799278288992
ADNI	fdg	rbv	region_based	atlas-AAL2		linear_svm	CN_vs_pMCI	0.787498823529	0.853348235294	0.825317647059	0.74968	0.797303703704	0.719256432565	0.849765585914
ADNI	fdg	rbv	region_based	atlas-AAL2		linear_svm	CN-_vs_AD+	0.904739849624	0.965993984962	0.870736842105	0.938742857143	0.903342465753	0.87234107631	0.941124687689
ADNI	fdg	rbv	region_based	atlas-AAL2		linear_svm	CN-_vs_MCI+	0.678576691729	0.739010526316	0.717942857143	0.639210526316	0.664036036036	0.832920713988	0.479725106734
ADNI	fdg	rbv	region_based	atlas-AAL2		linear_svm	CN-_vs_pMCI+	0.808102857143	0.880864	0.851885714286	0.76432	0.8154	0.793701316104	0.837425400442
ADNI	fdg	rbv	region_based	atlas-AAL2		linear_svm	MCI-_vs_MCI+	0.628740856378	0.672896074933	0.644271186441	0.613210526316	0.626785185185	0.691290297642	0.564891426224
ADNI	fdg	rbv	region_based	atlas-AAL2		linear_svm	sMCI_vs_pMCI	0.716253203883	0.788090485437	0.70672	0.725786407767	0.719555555556	0.836600711099	0.558472851141
ADNI	fdg	rbv	region_based	atlas-AAL2		linear_svm	sMCI+_vs_pMCI+	0.704748888889	0.775171111111	0.730777777778	0.67872	0.709442622951	0.642256205131	0.769041098901
ADNI	fdg	rbv	region_based	atlas-AAL2		logistic_regression	CN_vs_AD	0.880551449876	0.951726926263	0.847267605634	0.913835294118	0.883538461538	0.878472421354	0.892668886031
ADNI	fdg	rbv	region_based	atlas-AAL2		logistic_regression	CN_vs_MCI	0.625398897059	0.674692647059	0.6305625	0.620235294118	0.627393501805	0.426791796325	0.790051753729
ADNI	fdg	rbv	region_based	atlas-AAL2		logistic_regression	CN_vs_pMCI	0.779418823529	0.853853176471	0.803717647059	0.75512	0.785718518519	0.696432155709	0.848909087935
ADNI	fdg	rbv	region_based	atlas-AAL2		logistic_regression	CN-_vs_AD+	0.900556390977	0.968733834586	0.865684210526	0.935428571429	0.899123287671	0.868082880322	0.937428419215
ADNI	fdg	rbv	region_based	atlas-AAL2		logistic_regression	CN-_vs_MCI+	0.673070676692	0.744076691729	0.672457142857	0.673684210526	0.673297297297	0.818853849805	0.488440133983
ADNI	fdg	rbv	region_based	atlas-AAL2		logistic_regression	CN-_vs_pMCI+	0.812891428571	0.881901714286	0.837142857143	0.78864	0.816933333333	0.782886569881	0.849659032625
ADNI	fdg	rbv	region_based	atlas-AAL2		logistic_regression	MCI-_vs_MCI+	0.635322033898	0.67585191793	0.638644067797	0.632	0.634903703704	0.694105444959	0.574806191513
ADNI	fdg	rbv	region_based	atlas-AAL2		logistic_regression	sMCI_vs_pMCI	0.716262524272	0.788747184466	0.70336	0.729165048544	0.720732026144	0.835853191971	0.560282501101
ADNI	fdg	rbv	region_based	atlas-AAL2		logistic_regression	sMCI+_vs_pMCI+	0.70668	0.775857777778	0.726	0.68736	0.710163934426	0.639520001838	0.772141654034
ADNI	fdg	rbv	region_based	atlas-Neuromorphometrics		linear_svm	CN_vs_AD	0.896282021541	0.959208947804	0.872281690141	0.920282352941	0.898435897436	0.897227520188	0.902822496432
ADNI	fdg	rbv	region_based	atlas-Neuromorphometrics		linear_svm	CN_vs_MCI	0.634457352941	0.680995098039	0.60275	0.666164705882	0.622209386282	0.426531895391	0.8038285337
ADNI	fdg	rbv	region_based	atlas-Neuromorphometrics		linear_svm	CN_vs_pMCI	0.796912941176	0.863046588235	0.839105882353	0.75472	0.807851851852	0.738300752169	0.854065090707
ADNI	fdg	rbv	region_based	atlas-Neuromorphometrics		linear_svm	CN-_vs_AD+	0.916156390977	0.973621052632	0.897684210526	0.934628571429	0.915397260274	0.896766344761	0.939410890617
ADNI	fdg	rbv	region_based	atlas-Neuromorphometrics		linear_svm	CN-_vs_MCI+	0.675651879699	0.739678195489	0.694514285714	0.656789473684	0.668684684685	0.8257389112	0.48393787637
ADNI	fdg	rbv	region_based	atlas-Neuromorphometrics		linear_svm	CN-_vs_pMCI+	0.8084	0.885154285714	0.8352	0.7816	0.812866666667	0.777548269689	0.844871293697
ADNI	fdg	rbv	region_based	atlas-Neuromorphometrics		linear_svm	MCI-_vs_MCI+	0.619363068689	0.662387600357	0.626305084746	0.612421052632	0.618488888889	0.679456444469	0.557594046327
ADNI	fdg	rbv	region_based	atlas-Neuromorphometrics		linear_svm	sMCI_vs_pMCI	0.721337864078	0.789926990291	0.6972	0.745475728155	0.729699346405	0.836167835351	0.573891011842
ADNI	fdg	rbv	region_based	atlas-Neuromorphometrics		linear_svm	sMCI+_vs_pMCI+	0.708162222222	0.782848888889	0.733444444444	0.68288	0.712721311475	0.645392565119	0.771820355377
ADNI	fdg	rbv	region_based	atlas-Neuromorphometrics		logistic_regression	CN_vs_AD	0.901632477216	0.961997680199	0.876394366197	0.926870588235	0.903897435897	0.900582614276	0.910299482563
ADNI	fdg	rbv	region_based	atlas-Neuromorphometrics		logistic_regression	CN_vs_MCI	0.632494117647	0.679802941176	0.64	0.624988235294	0.635393501805	0.434944365076	0.79451178063
ADNI	fdg	rbv	region_based	atlas-Neuromorphometrics		logistic_regression	CN_vs_pMCI	0.792689411765	0.861537882353	0.815858823529	0.76952	0.798696296296	0.714433436006	0.858475981208
ADNI	fdg	rbv	region_based	atlas-Neuromorphometrics		logistic_regression	CN-_vs_AD+	0.914557894737	0.975578947368	0.892315789474	0.9368	0.913643835616	0.891781930478	0.940330309399
ADNI	fdg	rbv	region_based	atlas-Neuromorphometrics		logistic_regression	CN-_vs_MCI+	0.681603759398	0.743172932331	0.670628571429	0.692578947368	0.685657657658	0.821312538506	0.503840293922
ADNI	fdg	rbv	region_based	atlas-Neuromorphometrics		logistic_regression	CN-_vs_pMCI+	0.811474285714	0.882518857143	0.833828571429	0.78912	0.8152	0.777686414575	0.849465531669
ADNI	fdg	rbv	region_based	atlas-Neuromorphometrics		logistic_regression	MCI-_vs_MCI+	0.628867082962	0.662771632471	0.630576271186	0.627157894737	0.628651851852	0.687290843139	0.568975193234
ADNI	fdg	rbv	region_based	atlas-Neuromorphometrics		logistic_regression	sMCI_vs_pMCI	0.728804660194	0.79685592233	0.71392	0.743689320388	0.733960784314	0.843299460317	0.577529444746
ADNI	fdg	rbv	region_based	atlas-Neuromorphometrics		logistic_regression	sMCI+_vs_pMCI+	0.712028888889	0.787604444444	0.730777777778	0.69328	0.715409836066	0.646351983013	0.776397294613
ADNI	fdg	rbv	region_based	atlas-Hammers		linear_svm	CN_vs_AD	0.878041756421	0.944896106048	0.856507042254	0.899576470588	0.879974358974	0.883434609555	0.878884750294
ADNI	fdg	rbv	region_based	atlas-Hammers		linear_svm	CN_vs_MCI	0.635757230392	0.685306740196	0.574479166667	0.697035294118	0.612086642599	0.420989195053	0.811687056606
ADNI	fdg	rbv	region_based	atlas-Hammers		linear_svm	CN_vs_pMCI	0.786715294118	0.855100235294	0.815670588235	0.75776	0.794222222222	0.710447320061	0.852384359731
ADNI	fdg	rbv	region_based	atlas-Hammers		linear_svm	CN-_vs_AD+	0.906606015038	0.964520300752	0.880526315789	0.932685714286	0.905534246575	0.88058462078	0.936149021615
ADNI	fdg	rbv	region_based	atlas-Hammers		linear_svm	CN-_vs_MCI+	0.679605263158	0.734718796992	0.704	0.655210526316	0.670594594595	0.829413879206	0.485897899673
ADNI	fdg	rbv	region_based	atlas-Hammers		linear_svm	CN-_vs_pMCI+	0.77856	0.868523428571	0.812	0.74512	0.784133333333	0.744853273912	0.819657600138
ADNI	fdg	rbv	region_based	atlas-Hammers		linear_svm	MCI-_vs_MCI+	0.613469669938	0.647016503122	0.615728813559	0.611210526316	0.613185185185	0.673240448166	0.552299272992
ADNI	fdg	rbv	region_based	atlas-Hammers		linear_svm	sMCI_vs_pMCI	0.712754563107	0.781921553398	0.70248	0.723029126214	0.71631372549	0.834274314719	0.554180646179
ADNI	fdg	rbv	region_based	atlas-Hammers		linear_svm	sMCI+_vs_pMCI+	0.674788888889	0.755408888889	0.688777777778	0.6608	0.67731147541	0.602036580354	0.747922814067
ADNI	fdg	rbv	region_based	atlas-Hammers		logistic_regression	CN_vs_AD	0.878609444905	0.947946313173	0.857971830986	0.899247058824	0.880461538462	0.884411715428	0.878304382632
ADNI	fdg	rbv	region_based	atlas-Hammers		logistic_regression	CN_vs_MCI	0.632779289216	0.683713480392	0.621229166667	0.644329411765	0.628317689531	0.429871510708	0.798404147117
ADNI	fdg	rbv	region_based	atlas-Hammers		logistic_regression	CN_vs_pMCI	0.791407058824	0.858675764706	0.800894117647	0.78192	0.793866666667	0.701007747074	0.862907228435
ADNI	fdg	rbv	region_based	atlas-Hammers		logistic_regression	CN-_vs_AD+	0.899309774436	0.964860150376	0.872105263158	0.926514285714	0.898191780822	0.871790651914	0.929885401034
ADNI	fdg	rbv	region_based	atlas-Hammers		logistic_regression	CN-_vs_MCI+	0.671131578947	0.732318796992	0.668	0.674263157895	0.672288288288	0.816378469529	0.487465565038
ADNI	fdg	rbv	region_based	atlas-Hammers		logistic_regression	CN-_vs_pMCI+	0.801691428571	0.881842285714	0.823542857143	0.77984	0.805333333333	0.764114254561	0.843015312214
ADNI	fdg	rbv	region_based	atlas-Hammers		logistic_regression	MCI-_vs_MCI+	0.612206512043	0.646264049955	0.607728813559	0.616684210526	0.61277037037	0.670357166088	0.552899987667
ADNI	fdg	rbv	region_based	atlas-Hammers		logistic_regression	sMCI_vs_pMCI	0.709515728155	0.780955339806	0.70008	0.718951456311	0.712784313725	0.832256422383	0.549626707475
ADNI	fdg	rbv	region_based	atlas-Hammers		logistic_regression	sMCI+_vs_pMCI+	0.687484444444	0.770311111111	0.696888888889	0.67808	0.689180327869	0.61281391752	0.759689812117
ADNI	fdg	rbv	region_based	atlas-LPBA40		linear_svm	CN_vs_AD	0.861928748964	0.933517149959	0.836563380282	0.887294117647	0.864205128205	0.867776509082	0.86277051998
ADNI	fdg	rbv	region_based	atlas-LPBA40		linear_svm	CN_vs_MCI	0.635961519608	0.68043125	0.580958333333	0.690964705882	0.614714801444	0.42233338879	0.810194865084
ADNI	fdg	rbv	region_based	atlas-LPBA40		linear_svm	CN_vs_pMCI	0.784505882353	0.851986352941	0.829411764706	0.7396	0.796148148148	0.720524007745	0.845108918432
ADNI	fdg	rbv	region_based	atlas-LPBA40		linear_svm	CN-_vs_AD+	0.892790977444	0.957897744361	0.872210526316	0.913371428571	0.891945205479	0.871686123967	0.919061077789
ADNI	fdg	rbv	region_based	atlas-LPBA40		linear_svm	CN-_vs_MCI+	0.686653383459	0.747257894737	0.719885714286	0.653421052632	0.674378378378	0.837465984887	0.490036796167
ADNI	fdg	rbv	region_based	atlas-LPBA40		linear_svm	CN-_vs_pMCI+	0.800034285714	0.877298285714	0.855428571429	0.74464	0.809266666667	0.791666621689	0.826362244107
ADNI	fdg	rbv	region_based	atlas-LPBA40		linear_svm	MCI-_vs_MCI+	0.633612845674	0.688194469224	0.65606779661	0.611157894737	0.630785185185	0.697462817603	0.5679412773
ADNI	fdg	rbv	region_based	atlas-LPBA40		linear_svm	sMCI_vs_pMCI	0.713094368932	0.789196116505	0.67248	0.753708737864	0.727163398693	0.826613002591	0.572525173634
ADNI	fdg	rbv	region_based	atlas-LPBA40		linear_svm	sMCI+_vs_pMCI+	0.694888888889	0.77266	0.737777777778	0.652	0.70262295082	0.639873822704	0.755124019566
ADNI	fdg	rbv	region_based	atlas-LPBA40		logistic_regression	CN_vs_AD	0.867069096935	0.938154101077	0.839267605634	0.894870588235	0.869564102564	0.870659516434	0.871070106278
ADNI	fdg	rbv	region_based	atlas-LPBA40		logistic_regression	CN_vs_MCI	0.633047916667	0.678681127451	0.622895833333	0.6432	0.629126353791	0.430728517123	0.798344920552
ADNI	fdg	rbv	region_based	atlas-LPBA40		logistic_regression	CN_vs_pMCI	0.778385882353	0.849743058824	0.804611764706	0.75216	0.785185185185	0.695933037264	0.84747697059
ADNI	fdg	rbv	region_based	atlas-LPBA40		logistic_regression	CN-_vs_AD+	0.889393984962	0.958839097744	0.851473684211	0.927314285714	0.887835616438	0.854936600167	0.929571588318
ADNI	fdg	rbv	region_based	atlas-LPBA40		logistic_regression	CN-_vs_MCI+	0.680436090226	0.745312781955	0.685714285714	0.675157894737	0.678486486486	0.824811447577	0.49524030153
ADNI	fdg	rbv	region_based	atlas-LPBA40		logistic_regression	CN-_vs_pMCI+	0.803954285714	0.877088	0.844228571429	0.76368	0.810666666667	0.783403091729	0.83622782925
ADNI	fdg	rbv	region_based	atlas-LPBA40		logistic_regression	MCI-_vs_MCI+	0.642222569135	0.691586975914	0.652813559322	0.631631578947	0.640888888889	0.702239199075	0.580223264804
ADNI	fdg	rbv	region_based	atlas-LPBA40		logistic_regression	sMCI_vs_pMCI	0.714504854369	0.797063300971	0.692	0.737009708738	0.722300653595	0.832228474536	0.563411237561
ADNI	fdg	rbv	region_based	atlas-LPBA40		logistic_regression	sMCI+_vs_pMCI+	0.707468888889	0.778728888889	0.726777777778	0.68816	0.710950819672	0.640748797224	0.773654711139
ADNI	fdg	rbv	region_based	atlas-AICHA		linear_svm	CN_vs_AD	0.894616404308	0.95592046396	0.864056338028	0.925176470588	0.897358974359	0.891595344034	0.907351635735
ADNI	fdg	rbv	region_based	atlas-AICHA		linear_svm	CN_vs_MCI	0.618818504902	0.663646568627	0.603895833333	0.633741176471	0.613054151625	0.415246685802	0.789267580146
ADNI	fdg	rbv	region_based	atlas-AICHA		linear_svm	CN_vs_pMCI	0.775404705882	0.849454117647	0.821129411765	0.72968	0.787259259259	0.709255510714	0.838507458229
ADNI	fdg	rbv	region_based	atlas-AICHA		linear_svm	CN-_vs_AD+	0.92042406015	0.971634586466	0.894105263158	0.946742857143	0.919342465753	0.894209438183	0.949491705903
ADNI	fdg	rbv	region_based	atlas-AICHA		linear_svm	CN-_vs_MCI+	0.690182706767	0.741013533835	0.730628571429	0.649736842105	0.675243243243	0.841749527915	0.491063861595
ADNI	fdg	rbv	region_based	atlas-AICHA		linear_svm	CN-_vs_pMCI+	0.8116	0.887993142857	0.8656	0.7576	0.8206	0.807888892487	0.835971230848
ADNI	fdg	rbv	region_based	atlas-AICHA		linear_svm	MCI-_vs_MCI+	0.634417484389	0.672680196253	0.648203389831	0.620631578947	0.632681481481	0.696160703156	0.570831069701
ADNI	fdg	rbv	region_based	atlas-AICHA		linear_svm	sMCI_vs_pMCI	0.710970873786	0.785972427184	0.676	0.745941747573	0.72308496732	0.826834196269	0.566648707269
ADNI	fdg	rbv	region_based	atlas-AICHA		linear_svm	sMCI+_vs_pMCI+	0.701286666667	0.775617777778	0.748333333333	0.65424	0.709770491803	0.650899971906	0.759308842493
ADNI	fdg	rbv	region_based	atlas-AICHA		logistic_regression	CN_vs_AD	0.895655012428	0.958123612262	0.86523943662	0.926070588235	0.898384615385	0.892491280122	0.908329443942
ADNI	fdg	rbv	region_based	atlas-AICHA		logistic_regression	CN_vs_MCI	0.616434926471	0.663150980392	0.6301875	0.602682352941	0.621747292419	0.419560898263	0.782363217792
ADNI	fdg	rbv	region_based	atlas-AICHA		logistic_regression	CN_vs_pMCI	0.784715294118	0.853244235294	0.835670588235	0.73376	0.797925925926	0.727506509128	0.843096756002
ADNI	fdg	rbv	region_based	atlas-AICHA		logistic_regression	CN-_vs_AD+	0.923912781955	0.974715789474	0.895368421053	0.952457142857	0.922739726027	0.89582970878	0.954786706889
ADNI	fdg	rbv	region_based	atlas-AICHA		logistic_regression	CN-_vs_MCI+	0.673589473684	0.732252631579	0.6856	0.661578947368	0.669153153153	0.822011415478	0.484106463865
ADNI	fdg	rbv	region_based	atlas-AICHA		logistic_regression	CN-_vs_pMCI+	0.825051428571	0.890532571429	0.869942857143	0.78016	0.832533333333	0.8161990891	0.849319133095
ADNI	fdg	rbv	region_based	atlas-AICHA		logistic_regression	MCI-_vs_MCI+	0.635793933988	0.673572702944	0.648745762712	0.622842105263	0.634162962963	0.697151300158	0.572555612121
ADNI	fdg	rbv	region_based	atlas-AICHA		logistic_regression	sMCI_vs_pMCI	0.72479961165	0.791718058252	0.68024	0.769359223301	0.740235294118	0.833020823489	0.591301045059
ADNI	fdg	rbv	region_based	atlas-AICHA		logistic_regression	sMCI+_vs_pMCI+	0.706962222222	0.776644444444	0.733444444444	0.68048	0.711737704918	0.644569279104	0.770194196793
ADNI	fdg	None	region_based	atlas-AAL2		linear_svm	CN_vs_AD	0.881131400166	0.949845898923	0.854309859155	0.907952941176	0.883538461538	0.882845053505	0.88719478131
ADNI	fdg	None	region_based	atlas-AAL2		linear_svm	CN_vs_MCI	0.620008823529	0.668987990196	0.5795	0.660517647059	0.60436101083	0.410487037094	0.794981420487
ADNI	fdg	None	region_based	atlas-AAL2		linear_svm	CN_vs_pMCI	0.800397647059	0.862125176471	0.840235294118	0.76056	0.810725925926	0.739629173597	0.857315938902
ADNI	fdg	None	region_based	atlas-AAL2		linear_svm	CN-_vs_AD+	0.906353383459	0.966640601504	0.878421052632	0.934285714286	0.905205479452	0.878764393487	0.937478999113
ADNI	fdg	None	region_based	atlas-AAL2		linear_svm	CN-_vs_MCI+	0.664307518797	0.727330075188	0.688457142857	0.640157894737	0.655387387387	0.819123330892	0.469525105226
ADNI	fdg	None	region_based	atlas-AAL2		linear_svm	CN-_vs_pMCI+	0.814605714286	0.880902857143	0.866171428571	0.76304	0.8232	0.80952867386	0.838921441435
ADNI	fdg	None	region_based	atlas-AAL2		linear_svm	MCI-_vs_MCI+	0.630708742194	0.670967439786	0.650101694915	0.611315789474	0.628266666667	0.694105503364	0.565794924623
ADNI	fdg	None	region_based	atlas-AAL2		linear_svm	sMCI_vs_pMCI	0.735414757282	0.802747572816	0.72248	0.748349514563	0.739895424837	0.848316668276	0.585050054363
ADNI	fdg	None	region_based	atlas-AAL2		linear_svm	sMCI+_vs_pMCI+	0.711384444444	0.778706666667	0.727888888889	0.69488	0.714360655738	0.645201344075	0.776741719628
ADNI	fdg	None	region_based	atlas-AAL2		logistic_regression	CN_vs_AD	0.880675062138	0.95036023198	0.846197183099	0.915152941176	0.883769230769	0.877693218282	0.894310542114
ADNI	fdg	None	region_based	atlas-AAL2		logistic_regression	CN_vs_MCI	0.620107230392	0.674243872549	0.619979166667	0.620235294118	0.620057761733	0.419621580007	0.787170387649
ADNI	fdg	None	region_based	atlas-AAL2		logistic_regression	CN_vs_pMCI	0.786625882353	0.861091764706	0.805411764706	0.76784	0.791496296296	0.702444661273	0.855908189265
ADNI	fdg	None	region_based	atlas-AAL2		logistic_regression	CN-_vs_AD+	0.904714285714	0.968135338346	0.87	0.939428571429	0.903287671233	0.873034261792	0.941279008542
ADNI	fdg	None	region_based	atlas-AAL2		logistic_regression	CN-_vs_MCI+	0.665059398496	0.73590075188	0.670171428571	0.659947368421	0.663171171171	0.814562863934	0.477552994054
ADNI	fdg	None	region_based	atlas-AAL2		logistic_regression	CN-_vs_pMCI+	0.815028571429	0.879213714286	0.841257142857	0.7888	0.8194	0.787475986782	0.850515993879
ADNI	fdg	None	region_based	atlas-AAL2		logistic_regression	MCI-_vs_MCI+	0.626468331847	0.664649420161	0.638305084746	0.614631578947	0.624977777778	0.687981462788	0.563327414307
ADNI	fdg	None	region_based	atlas-AAL2		logistic_regression	sMCI_vs_pMCI	0.732420582524	0.803795728155	0.71688	0.747961165049	0.737803921569	0.845785558151	0.581694059107
ADNI	fdg	None	region_based	atlas-AAL2		logistic_regression	sMCI+_vs_pMCI+	0.723322222222	0.792848888889	0.731444444444	0.7152	0.724786885246	0.654309113845	0.789445983178
ADNI	fdg	None	region_based	atlas-AAL2		random_forest	CN_vs_AD	0.835935045568	0.916992874896	0.815211267606	0.856658823529	0.837794871795	0.848517447153	0.828070921938
ADNI	fdg	None	region_based	atlas-AAL2		random_forest	CN_vs_pMCI	0.71904	0.816091764706	0.8704	0.56768	0.758281481481	0.725098293675	0.774806180681
ADNI	fdg	None	region_based	atlas-AAL2		random_forest	sMCI_vs_pMCI	0.639096699029	0.761150679612	0.38864	0.889553398058	0.72585620915	0.750356450489	0.633896375264
ADNI	fdg	None	region_based	atlas-Neuromorphometrics		linear_svm	CN_vs_AD	0.896069925435	0.959735874068	0.872563380282	0.919576470588	0.898179487179	0.897172630311	0.901834443974
ADNI	fdg	None	region_based	atlas-Neuromorphometrics		linear_svm	CN_vs_MCI	0.628190563725	0.672759558824	0.588145833333	0.668235294118	0.612722021661	0.41834035228	0.801084896007
ADNI	fdg	None	region_based	atlas-Neuromorphometrics		linear_svm	CN_vs_pMCI	0.797861176471	0.857650352941	0.840282352941	0.75544	0.808859259259	0.739259504231	0.854477597192
ADNI	fdg	None	region_based	atlas-Neuromorphometrics		linear_svm	CN-_vs_AD+	0.913356390977	0.972418045113	0.889684210526	0.937028571429	0.912383561644	0.888820092023	0.940878727317
ADNI	fdg	None	region_based	atlas-Neuromorphometrics		linear_svm	CN-_vs_MCI+	0.668597744361	0.733766917293	0.689142857143	0.648052631579	0.661009009009	0.821004065315	0.476130467064
ADNI	fdg	None	region_based	atlas-Neuromorphometrics		linear_svm	CN-_vs_pMCI+	0.814685714286	0.882578285714	0.837371428571	0.792	0.818466666667	0.782579542659	0.851700104205
ADNI	fdg	None	region_based	atlas-Neuromorphometrics		linear_svm	MCI-_vs_MCI+	0.615693131133	0.661774308653	0.633491525424	0.597894736842	0.613451851852	0.678696982303	0.550886626527
ADNI	fdg	None	region_based	atlas-Neuromorphometrics		linear_svm	sMCI_vs_pMCI	0.723085048544	0.787147572816	0.70784	0.738330097087	0.728366013072	0.839940608479	0.571072257847
ADNI	fdg	None	region_based	atlas-Neuromorphometrics		linear_svm	sMCI+_vs_pMCI+	0.711451111111	0.787691111111	0.735222222222	0.68768	0.715737704918	0.648702199208	0.774300269158
ADNI	fdg	None	region_based	atlas-Neuromorphometrics		logistic_regression	CN_vs_AD	0.899095940348	0.960756255178	0.876450704225	0.921741176471	0.901128205128	0.900365219338	0.904583034791
ADNI	fdg	None	region_based	atlas-Neuromorphometrics		logistic_regression	CN_vs_MCI	0.622312990196	0.672460294118	0.629708333333	0.614917647059	0.62516967509	0.424072068608	0.787373620749
ADNI	fdg	None	region_based	atlas-Neuromorphometrics		logistic_regression	CN_vs_pMCI	0.796162352941	0.859160470588	0.817364705882	0.77496	0.801659259259	0.717181429021	0.861338944016
ADNI	fdg	None	region_based	atlas-Neuromorphometrics		logistic_regression	CN-_vs_AD+	0.912562406015	0.974231578947	0.884210526316	0.940914285714	0.911397260274	0.885092156825	0.94330398033
ADNI	fdg	None	region_based	atlas-Neuromorphometrics		logistic_regression	CN-_vs_MCI+	0.673880451128	0.741711278195	0.666971428571	0.680789473684	0.676432432432	0.817378335914	0.492666997807
ADNI	fdg	None	region_based	atlas-Neuromorphometrics		logistic_regression	CN-_vs_pMCI+	0.808411428571	0.882642285714	0.818742857143	0.79808	0.810133333333	0.764589838422	0.853016861468
ADNI	fdg	None	region_based	atlas-Neuromorphometrics		logistic_regression	MCI-_vs_MCI+	0.622966993756	0.660903657449	0.620881355932	0.625052631579	0.62322962963	0.681373385223	0.562913985489
ADNI	fdg	None	region_based	atlas-Neuromorphometrics		logistic_regression	sMCI_vs_pMCI	0.731008932039	0.794852038835	0.71728	0.744737864078	0.735764705882	0.845195420969	0.578823641021
ADNI	fdg	None	region_based	atlas-Neuromorphometrics		logistic_regression	sMCI+_vs_pMCI+	0.719142222222	0.790395555556	0.734444444444	0.70384	0.721901639344	0.65280361505	0.783781690037
ADNI	fdg	None	region_based	atlas-Hammers		linear_svm	CN_vs_AD	0.877881690141	0.944325434963	0.852563380282	0.9032	0.880153846154	0.88090616478	0.881920668657
ADNI	fdg	None	region_based	atlas-Hammers		linear_svm	CN_vs_MCI	0.634006862745	0.6821875	0.567166666667	0.700847058824	0.608187725632	0.417993490695	0.811599840672
ADNI	fdg	None	region_based	atlas-Hammers		linear_svm	CN_vs_pMCI	0.784649411765	0.856201882353	0.827858823529	0.74144	0.795851851852	0.719668710467	0.845640281739
ADNI	fdg	None	region_based	atlas-Hammers		linear_svm	CN-_vs_AD+	0.916112781955	0.96589924812	0.893368421053	0.938857142857	0.915178082192	0.892341598261	0.94194244523
ADNI	fdg	None	region_based	atlas-Hammers		linear_svm	CN-_vs_MCI+	0.669758646617	0.73437518797	0.695885714286	0.643631578947	0.660108108108	0.822422022864	0.475204711474
ADNI	fdg	None	region_based	atlas-Hammers		linear_svm	CN-_vs_pMCI+	0.773314285714	0.862445714286	0.821828571429	0.7248	0.7814	0.75209076706	0.809343733919
ADNI	fdg	None	region_based	atlas-Hammers		linear_svm	MCI-_vs_MCI+	0.614752453167	0.64731132917	0.640610169492	0.588894736842	0.611496296296	0.679081496145	0.548806472687
ADNI	fdg	None	region_based	atlas-Hammers		linear_svm	sMCI_vs_pMCI	0.711114174757	0.782010873786	0.70184	0.720388349515	0.714326797386	0.833329296763	0.551980677385
ADNI	fdg	None	region_based	atlas-Hammers		linear_svm	sMCI+_vs_pMCI+	0.674637777778	0.756708888889	0.686555555556	0.66272	0.676786885246	0.59984223274	0.748414605533
ADNI	fdg	None	region_based	atlas-Hammers		logistic_regression	CN_vs_AD	0.878121955261	0.946789726595	0.852338028169	0.903905882353	0.880435897436	0.881008009407	0.882860297513
ADNI	fdg	None	region_based	atlas-Hammers		logistic_regression	CN_vs_MCI	0.629731127451	0.678378676471	0.615791666667	0.643670588235	0.624346570397	0.42609513409	0.796698099429
ADNI	fdg	None	region_based	atlas-Hammers		logistic_regression	CN_vs_pMCI	0.784990588235	0.859524705882	0.806541176471	0.76344	0.790577777778	0.702554033964	0.853891834148
ADNI	fdg	None	region_based	atlas-Hammers		logistic_regression	CN-_vs_AD+	0.901733834586	0.965756390977	0.878210526316	0.925257142857	0.900767123288	0.877159242489	0.928872488879
ADNI	fdg	None	region_based	atlas-Hammers		logistic_regression	CN-_vs_MCI+	0.675859398496	0.736121804511	0.691771428571	0.659947368421	0.669981981982	0.824320768218	0.485341114695
ADNI	fdg	None	region_based	atlas-Hammers		logistic_regression	CN-_vs_pMCI+	0.787805714286	0.869179428571	0.812571428571	0.76304	0.791933333333	0.748951957504	0.830310957996
ADNI	fdg	None	region_based	atlas-Hammers		logistic_regression	MCI-_vs_MCI+	0.612153880464	0.646037466548	0.623728813559	0.600578947368	0.610696296296	0.673963529394	0.549078574712
ADNI	fdg	None	region_based	atlas-Hammers		logistic_regression	sMCI_vs_pMCI	0.703171650485	0.778635339806	0.69512	0.711223300971	0.705960784314	0.828676115659	0.540540719535
ADNI	fdg	None	region_based	atlas-Hammers		logistic_regression	sMCI+_vs_pMCI+	0.68502	0.76648	0.707	0.66304	0.688983606557	0.617391391581	0.75330089928
ADNI	fdg	None	region_based	atlas-LPBA40		linear_svm	CN_vs_AD	0.859389892295	0.932191880696	0.834591549296	0.884188235294	0.861615384615	0.866322472734	0.859222499739
ADNI	fdg	None	region_based	atlas-LPBA40		linear_svm	CN_vs_MCI	0.630739583333	0.67282879902	0.573479166667	0.688	0.608620938628	0.417069971921	0.806491907719
ADNI	fdg	None	region_based	atlas-LPBA40		linear_svm	CN_vs_pMCI	0.790430588235	0.855021647059	0.828941176471	0.75192	0.800414814815	0.72447826766	0.851188737888
ADNI	fdg	None	region_based	atlas-LPBA40		linear_svm	CN-_vs_AD+	0.882942857143	0.953935338346	0.854	0.911885714286	0.881753424658	0.855651964648	0.915798734042
ADNI	fdg	None	region_based	atlas-LPBA40		linear_svm	CN-_vs_MCI+	0.689939849624	0.749698496241	0.725142857143	0.654736842105	0.676936936937	0.840109509892	0.493737933047
ADNI	fdg	None	region_based	atlas-LPBA40		linear_svm	CN-_vs_pMCI+	0.790491428571	0.866185142857	0.849942857143	0.73104	0.8004	0.782413559229	0.818170233258
ADNI	fdg	None	region_based	atlas-LPBA40		linear_svm	MCI-_vs_MCI+	0.636573148974	0.689817127565	0.677830508475	0.595315789474	0.631377777778	0.706126023043	0.566140898263
ADNI	fdg	None	region_based	atlas-LPBA40		linear_svm	sMCI_vs_pMCI	0.712772427184	0.79336776699	0.68504	0.740504854369	0.722379084967	0.829610724058	0.564381953947
ADNI	fdg	None	region_based	atlas-LPBA40		linear_svm	sMCI+_vs_pMCI+	0.690055555556	0.767262222222	0.728111111111	0.652	0.696918032787	0.632093634904	0.753273990218
ADNI	fdg	None	region_based	atlas-LPBA40		logistic_regression	CN_vs_AD	0.859589395195	0.935767357084	0.829014084507	0.890164705882	0.862333333333	0.862833886329	0.864504797865
ADNI	fdg	None	region_based	atlas-LPBA40		logistic_regression	CN_vs_MCI	0.622687254902	0.669676960784	0.614833333333	0.630541176471	0.619653429603	0.420535543469	0.790333478419
ADNI	fdg	None	region_based	atlas-LPBA40		logistic_regression	CN_vs_pMCI	0.781971764706	0.851906823529	0.809223529412	0.75472	0.789037037037	0.701923068906	0.84954952236
ADNI	fdg	None	region_based	atlas-LPBA40		logistic_regression	CN-_vs_AD+	0.884342857143	0.955464661654	0.84	0.928685714286	0.882520547945	0.845282995271	0.929428622686
ADNI	fdg	None	region_based	atlas-LPBA40		logistic_regression	CN-_vs_MCI+	0.680771428571	0.744139849624	0.695542857143	0.666	0.675315315315	0.827473081005	0.491617554915
ADNI	fdg	None	region_based	atlas-LPBA40		logistic_regression	CN-_vs_pMCI+	0.798102857143	0.871844571429	0.839085714286	0.75712	0.804933333333	0.777240433522	0.831637667812
ADNI	fdg	None	region_based	atlas-LPBA40		logistic_regression	MCI-_vs_MCI+	0.642712310437	0.690983050847	0.653898305085	0.631526315789	0.641303703704	0.702614796289	0.580289801848
ADNI	fdg	None	region_based	atlas-LPBA40		logistic_regression	sMCI_vs_pMCI	0.711726990291	0.795677669903	0.69192	0.731533980583	0.718588235294	0.831317927129	0.558137869177
ADNI	fdg	None	region_based	atlas-LPBA40		logistic_regression	sMCI+_vs_pMCI+	0.703124444444	0.777346666667	0.722888888889	0.68336	0.70668852459	0.634713115805	0.76982514808
ADNI	fdg	None	region_based	atlas-AICHA		linear_svm	CN_vs_AD	0.901854846727	0.961470753935	0.87138028169	0.932329411765	0.90458974359	0.897625905003	0.91627849107
ADNI	fdg	None	region_based	atlas-AICHA		linear_svm	CN_vs_MCI	0.620465686275	0.66326004902	0.593166666667	0.647764705882	0.609920577617	0.413835295876	0.793017137666
ADNI	fdg	None	region_based	atlas-AICHA		linear_svm	CN_vs_pMCI	0.778496470588	0.854275764706	0.831952941176	0.72504	0.792355555556	0.720518282259	0.838066323637
ADNI	fdg	None	region_based	atlas-AICHA		linear_svm	CN-_vs_AD+	0.935990977444	0.977717293233	0.912210526316	0.959771428571	0.93501369863	0.911554897226	0.962463769748
ADNI	fdg	None	region_based	atlas-AICHA		linear_svm	CN-_vs_MCI+	0.678711278195	0.734608270677	0.716685714286	0.640736842105	0.664684684685	0.832673727496	0.480195838993
ADNI	fdg	None	region_based	atlas-AICHA		linear_svm	CN-_vs_pMCI+	0.804034285714	0.877446857143	0.851428571429	0.75664	0.811933333333	0.791501988163	0.833527689847
ADNI	fdg	None	region_based	atlas-AICHA		linear_svm	MCI-_vs_MCI+	0.63164808207	0.673684210526	0.649559322034	0.613736842105	0.629392592593	0.69437158115	0.56706277095
ADNI	fdg	None	region_based	atlas-AICHA		linear_svm	sMCI_vs_pMCI	0.718398446602	0.786273786408	0.69536	0.741436893204	0.726379084967	0.834672970308	0.568415574873
ADNI	fdg	None	region_based	atlas-AICHA		linear_svm	sMCI+_vs_pMCI+	0.700735555556	0.769435555556	0.742111111111	0.65936	0.708196721311	0.646749238421	0.760980503571
ADNI	fdg	None	region_based	atlas-AICHA		logistic_regression	CN_vs_AD	0.900178624689	0.960682684341	0.868169014085	0.932188235294	0.903051282051	0.895150737791	0.916043194519
ADNI	fdg	None	region_based	atlas-AICHA		logistic_regression	CN_vs_MCI	0.613785416667	0.660365196078	0.622770833333	0.6048	0.61725631769	0.415814704691	0.78106452312
ADNI	fdg	None	region_based	atlas-AICHA		logistic_regression	CN_vs_pMCI	0.782818823529	0.856306823529	0.834117647059	0.73152	0.796118518519	0.724410968213	0.841897487076
ADNI	fdg	None	region_based	atlas-AICHA		logistic_regression	CN-_vs_AD+	0.928921804511	0.977067669173	0.901157894737	0.956685714286	0.927780821918	0.90138568778	0.958679235437
ADNI	fdg	None	region_based	atlas-AICHA		logistic_regression	CN-_vs_MCI+	0.668667669173	0.729702255639	0.680914285714	0.656421052632	0.664144144144	0.818900855729	0.478846389673
ADNI	fdg	None	region_based	atlas-AICHA		logistic_regression	CN-_vs_pMCI+	0.826685714286	0.890656	0.865371428571	0.788	0.833133333333	0.813526794351	0.853655445193
ADNI	fdg	None	region_based	atlas-AICHA		logistic_regression	MCI-_vs_MCI+	0.636600356824	0.677442462087	0.650779661017	0.622421052632	0.634814814815	0.698063090502	0.573285397336
ADNI	fdg	None	region_based	atlas-AICHA		logistic_regression	sMCI_vs_pMCI	0.726948737864	0.793686213592	0.67848	0.775417475728	0.743738562092	0.833310300113	0.597250694218
ADNI	fdg	None	region_based	atlas-AICHA		logistic_regression	sMCI+_vs_pMCI+	0.704706666667	0.772262222222	0.735333333333	0.67408	0.710229508197	0.644285094412	0.766965341272
